{ "id" :   10, "IPS" :2.38595e+07 }
{ "id" :   20, "IPS" :2.56588e+07 }
{ "id" :   50, "IPS" :2.65983e+07 }
{ "id" :  100, "IPS" :2.71633e+07 }
{ "id" :  200, "IPS" :2.73728e+07 }
{ "id" :  500, "IPS" :2.74035e+07 }
{ "id" : 1000, "IPS" :2.65318e+07 }
{ "id" : 2000, "IPS" :2.48158e+07 }
