{ "id" :   10, "IPS" : 1.925e+07 }
{ "id" :   20, "IPS" :2.15708e+07 }
{ "id" :   50, "IPS" :2.2573e+07 }
{ "id" :  100, "IPS" :2.32502e+07 }
{ "id" :  200, "IPS" :2.31847e+07 }
{ "id" :  500, "IPS" :2.32958e+07 }
{ "id" : 1000, "IPS" :2.34214e+07 }
{ "id" : 2000, "IPS" :2.36805e+07 }
