{ "id" :   10, "IPS" :2.36933e+07 }
{ "id" :   20, "IPS" :2.54891e+07 }
{ "id" :   50, "IPS" :2.65422e+07 }
{ "id" :  100, "IPS" :2.76355e+07 }
{ "id" :  200, "IPS" :2.8269e+07 }
{ "id" :  500, "IPS" :2.8297e+07 }
{ "id" : 1000, "IPS" :2.64719e+07 }
{ "id" : 2000, "IPS" :2.50046e+07 }
